{
  "apiVersion": "v1",
  "kind": "List",
  "items": [
    {
      "apiVersion": "v1",
      "kind": "PersistentVolume",
      "metadata": {
        "name": "",
        "labels": {
          "type": "local"
        }
      },
      "spec": {
        "storageClassName": "manual",
        "capacity": {
          "storage": "1Gi"
        },
        "accessModes": ["ReadWriteOnce"],
        "hostPath": {
          "path": "/mnt"
        }
      }
    },
    {
      "apiVersion": "v1",
      "kind": "PersistentVolumeClaim",
      "metadata": {
        "name": ""
      },
      "spec": {
        "storageClassName": "manual",
        "accessModes": ["ReadWriteOnce"],
        "resources": {
          "requests": {
            "storage": "1Gi"
          }
        }
      }
    }
  ]
}
